{
  "audio_file": "/content/drive/MyDrive/IRMAS-TrainingData/tru/203__[tru][dru][pop_roc]1992__3.wav",
  "detected_instruments": {
    "acoustic_guitar": 0.03329639881849289,
    "cello": 0.03177131339907646,
    "clarinet": 0.0382162481546402,
    "electric_guitar": 0.4869751036167145,
    "flute": 0.06132692098617554,
    "organ": 0.02143913134932518,
    "piano": 0.029901428148150444,
    "saxophone": 0.08042597025632858,
    "trumpet": 0.6759324073791504,
    "violin": 0.022655850276350975,
    "voice": 0.694527268409729
  },
  "timeline": [
    {
      "time": 0.0,
      "acoustic_guitar": 0.03329639881849289,
      "cello": 0.03177131339907646,
      "clarinet": 0.020308636128902435,
      "electric_guitar": 0.1989469975233078,
      "flute": 0.06132692098617554,
      "organ": 0.0022773705422878265,
      "piano": 0.004888556897640228,
      "saxophone": 0.056519024074077606,
      "trumpet": 0.008542905561625957,
      "violin": 0.005583734717220068,
      "voice": 0.12127091735601425
    },
    {
      "time": 0.5,
      "acoustic_guitar": 0.009361990727484226,
      "cello": 0.0016253591747954488,
      "clarinet": 0.0009747159201651812,
      "electric_guitar": 0.20833398401737213,
      "flute": 0.0423123873770237,
      "organ": 0.007770043797791004,
      "piano": 0.0006364286527968943,
      "saxophone": 0.009460682980716228,
      "trumpet": 0.001081750844605267,
      "violin": 0.0002837778301909566,
      "voice": 0.694527268409729
    },
    {
      "time": 1.0,
      "acoustic_guitar": 0.0032423988450318575,
      "cello": 0.000778950983658433,
      "clarinet": 0.016264669597148895,
      "electric_guitar": 0.4869751036167145,
      "flute": 0.02466525137424469,
      "organ": 0.02143913134932518,
      "piano": 0.029901428148150444,
      "saxophone": 0.043659064918756485,
      "trumpet": 0.2519560158252716,
      "violin": 0.011224792338907719,
      "voice": 0.011055522598326206
    },
    {
      "time": 1.5,
      "acoustic_guitar": 0.0005094412481412292,
      "cello": 0.0053503261879086494,
      "clarinet": 0.0382162481546402,
      "electric_guitar": 0.04372920095920563,
      "flute": 0.015169111080467701,
      "organ": 0.0011907967273145914,
      "piano": 0.016056356951594353,
      "saxophone": 0.08042597025632858,
      "trumpet": 0.6759324073791504,
      "violin": 0.022655850276350975,
      "voice": 0.0008187044295482337
    }
  ]
}